epoch,loss,val_loss
0,2.1280094012306742e+18,2.2795135004777626e+18
0,2.128009351950297e+18,2.279513114001942e+18
0,2.1280095364625946e+18,2.2795135004777626e+18
